customer_id,customer_name,customer_email,support_tickets,avg_resolution_time,critical_tickets_sla_breach,product_renewals,tenure_months,monthly_spend,last_login,total_products,products_transferred_out,avg_load_time,downtime_minutes,product_usage_percent
309a6b95-5025-4d1a-bf4f-5c63d376354e,Brandon Russell,jason05@example.org,2,76.49,1,1,11,20.94,2025-06-18,1,0,12.85,44,62.5
9351f52b-7cf8-43b7-bd2a-9b50b8e7294c,Steven Johnson,owalker@example.net,4,5.41,1,4,23,40.12,2025-07-31,1,0,1.96,9,54.3
e65a5898-6568-457b-a975-871bf5115813,Evelyn Christian,mmyers@example.com,2,81.04,0,4,27,20.45,2025-07-08,1,0,0.72,76,44.3
0dbf6b07-0c43-4809-a6ff-c081ef888532,George Cook,terrelltyler@example.org,2,51.5,0,1,10,120.19,2025-07-18,5,0,4.83,2,42.1
2d3ee88f-26e3-4dca-93a0-19a7267d4409,Aaron Graham,donald12@example.org,2,53.89,0,1,1,27.3,2025-07-29,2,2,7.36,7,58.5
1f0c43ae-fb99-4f72-85cb-dde1506d30ca,Kyle Jones,whouse@example.net,1,3.49,0,2,12,50.83,2025-06-09,4,0,2.61,10,85.0
5b71c05a-d388-498f-8ba3-3dd953d3e287,Jerome Whitehead,wallacemichael@example.com,4,30.49,2,5,33,33.25,2025-07-01,2,0,4.79,2,75.2
7610767e-ad30-4fee-997a-62c6248c0ed4,Charles Tyler,peterwilliams@example.net,2,1.0,0,3,14,58.24,2025-07-25,3,0,2.59,8,45.1
9579beb9-a1ad-48c7-852d-1db8c536e7a1,Thomas Berry,watkinsmark@example.org,1,33.72,0,1,5,93.4,2025-07-26,2,0,15.0,46,52.7
7bf8fe29-f072-4e46-84dd-0315f5ac89fc,Ryan Mack,susanwhite@example.org,1,1.0,1,0,4,11.41,2025-08-01,1,0,11.31,9,78.2
836daeb8-3f9c-4048-86b8-0e11e4704a04,Robert Clark,ataylor@example.org,2,2.55,0,2,11,17.3,2025-08-01,1,0,5.25,21,9.7
34d09598-e933-4e81-9628-4b432f47b524,Kelsey Pacheco,riveracorey@example.org,1,6.75,1,4,21,18.16,2025-06-16,1,0,8.19,4,90.2
c83586ca-92f7-4454-8dd3-596fac1618c7,James Hammond,mjordan@example.net,4,69.9,0,4,11,124.58,2025-07-29,1,0,1.73,26,39.4
11c9b2e7-3d7a-4a9a-8947-6b95a708838c,Melinda Little,jbrown@example.org,0,10.85,0,3,10,31.9,2025-05-24,2,0,4.55,28,90.8
9d19d47f-519b-4e19-8476-ddaebea672c5,Stefanie Tucker,idominguez@example.net,1,20.5,0,5,25,150.0,2025-07-17,3,0,0.5,7,20.2
39c2ead9-4ee5-4001-9a03-ec4c607fdc6b,Jade Johnson,howardstephanie@example.org,2,24.18,0,1,7,18.28,2025-07-09,1,0,1.33,2,69.1
e2ca6293-7029-42f0-8d4c-12d907b29b7e,Catherine Wilkins,joereynolds@example.net,3,7.97,0,3,13,42.68,2025-07-11,1,0,2.18,36,49.0
a6a52f27-5069-42fe-b20c-8c4015758a2c,Mary Jackson,christophersmith@example.com,3,26.49,0,2,15,34.62,2025-07-14,2,1,0.5,30,83.3
d805d401-3411-4a6a-9812-9e29f70b2393,James Jones,oreed@example.org,1,28.55,0,1,5,13.08,2025-07-21,1,0,4.13,19,45.1
0720326d-56d8-4b34-8566-88eac361bf3a,Kenneth Rogers,piercedaniel@example.org,4,11.9,3,2,10,60.41,2025-07-13,1,0,0.89,67,82.0
340b5fbb-c279-40dd-8e89-91afaca27491,Brandon Fuller,jimmy80@example.net,3,16.92,1,1,4,5.54,2025-07-12,1,0,2.73,113,43.0
241a779c-e949-40d6-a6aa-1789118557e5,Harold Perez,sabrina85@example.com,2,17.38,0,3,23,15.71,2025-07-29,1,0,5.49,39,42.9
33527dd0-ddc7-4e3e-aa26-00f3f734df64,Misty Stout,meghanmcdowell@example.net,1,71.11,0,1,6,51.47,2025-07-18,3,0,6.46,98,88.9
0ec52f2c-fe97-4cf1-9a1c-146a63fb1321,Wendy Maynard,michael05@example.net,3,27.63,0,3,32,53.64,2025-06-30,1,0,0.87,4,72.6
69ced4d0-6419-4aea-a430-5116fed7c96a,Cynthia Webb,lucaschristopher@example.net,2,85.29,0,1,13,150.0,2025-06-26,4,1,4.74,5,49.5
f64ce7f9-6230-4363-94a3-6f306b904aea,William Wallace,chelseawallace@example.org,1,21.44,0,3,8,57.72,2025-07-13,3,0,8.77,209,19.9
abfe1c5e-f052-4c7e-b09c-4488f7380ab7,Amanda Taylor,raymondgregory@example.org,2,19.99,1,2,13,131.11,2025-07-16,3,0,1.38,14,51.2
74566eaa-c672-4ffd-afb5-5ab321b66c90,David Bell,jennifersimmons@example.com,3,1.0,1,0,3,13.82,2025-08-01,1,0,1.08,24,31.2
837a4856-fa12-4505-9e20-b5f9cab88064,Jeffrey Fisher,desiree88@example.org,0,15.74,0,2,9,44.8,2025-07-07,3,0,15.0,86,8.8
2a40446d-ea2b-4592-945f-5a5ce0a1dbd8,Arthur Kelly,ujohnson@example.org,1,69.26,1,4,17,63.14,2025-07-31,2,0,5.54,27,88.5
71746093-2373-4dac-b7a9-d13a77928be0,Jeffrey Smith,kimberlydiaz@example.org,4,7.43,2,4,22,84.43,2025-07-10,3,1,8.18,61,49.8
7d1cbffa-e790-432c-b4ac-3a786c2ffe2d,Angel Benson,zoejacobs@example.com,1,1.41,0,0,4,94.11,2025-07-20,1,1,1.46,36,42.3
41f509b2-2164-4792-bf0c-cc5e5ddd8609,William Baker,orozcocharles@example.org,1,13.79,1,3,27,17.23,2025-07-21,1,0,2.15,58,36.3
9ad82888-7935-44a8-9e31-541ce037e446,Paul Rogers,michael46@example.org,2,13.42,2,4,14,39.87,2025-08-01,2,0,1.72,19,69.0
b75fb650-b477-42de-80a1-a3c8a8e064ed,Mark Booker,april81@example.net,0,46.7,0,3,17,20.98,2025-07-29,1,0,1.25,89,59.0
d1852cca-471d-4ec2-b7ed-d3a2f872d48a,Jennifer Robbins,hestermark@example.net,0,1.0,0,2,9,150.0,2025-07-30,5,0,7.96,4,43.1
b97cfb7d-60c1-43b9-bcae-703425f44eb4,Jacqueline Young,scott30@example.org,3,78.86,1,2,4,97.12,2025-07-22,4,0,1.0,49,34.0
9ea8f71c-86c6-4f8f-91c0-e69d538b9e28,Shawn Brown,harveysarah@example.com,2,32.9,0,1,5,9.91,2025-07-22,1,1,2.1,8,44.9
4697ecb6-7e91-4c94-aeb4-2c2ffbdf1a63,Kimberly Thomas,wroth@example.net,1,61.93,0,3,16,12.48,2025-03-20,1,0,7.93,28,68.6
4fafb988-088f-4e43-8c71-2db268e6e039,Sydney Parsons,lorianderson@example.org,3,29.18,0,4,23,13.95,2025-07-19,1,0,3.6,44,44.2
722f4b22-970e-436c-b280-47e488331b8d,Cameron Proctor,aclark@example.com,1,44.12,0,1,13,63.85,2025-07-28,1,0,3.84,36,40.7
cce72784-56de-4414-8942-867945aade70,Lori Pham,leahmiller@example.net,3,12.75,1,2,14,62.65,2025-07-26,1,0,0.92,17,45.4
f262471c-c881-430c-ac95-5fadfafe60ab,Antonio Taylor,robert64@example.org,3,13.42,0,4,36,21.51,2025-07-31,1,0,4.68,79,58.0
aeb5963d-ec63-4f03-8dc6-5a9093a0ab91,Hannah Pitts,martinezashley@example.com,3,15.42,2,5,22,41.96,2025-06-02,3,1,0.94,5,62.2
df9bf880-d664-4bbc-8604-8f1d075c2755,Veronica Barnett,littleamy@example.org,1,37.11,0,3,34,150.0,2025-07-30,6,0,2.19,38,21.7
99d5abc4-5008-4935-99b4-127818d45bec,Rick Johnson,larry85@example.org,2,13.27,1,4,14,62.02,2025-05-15,1,0,5.47,8,41.5
abd33266-5853-435e-95c9-62e7c6b83092,Shelby Robertson,kylebeard@example.org,1,7.32,0,0,1,46.07,2025-08-01,1,0,8.79,34,65.5
986a1eb9-8129-4146-9a50-6efa67695670,Jonathan Gardner,clewis@example.com,2,79.93,0,2,3,40.47,2025-07-16,4,0,2.39,6,71.0
fe11a575-6708-4bff-85a0-8a2ada94c968,Steven Peterson,clinelauren@example.org,3,74.45,1,5,45,14.27,2025-07-25,2,0,2.29,1,50.3
b1d17a33-d9df-4511-b761-c8ce836d714d,Jonathan Harris,elizabethpierce@example.org,2,12.35,1,1,7,7.06,2025-08-01,1,0,6.03,46,29.7
5e117996-a733-4b41-bbd5-4017bc1cecd4,James Mays,mlane@example.com,2,29.0,0,4,12,65.98,2025-06-20,2,0,3.28,51,81.1
20f38a82-6a38-476c-92c2-7bb365871914,Craig Gonzalez,xdawson@example.org,2,9.22,0,3,27,88.81,2025-08-01,1,1,7.65,5,36.8
329f5ab7-7d9d-4ae1-951c-993523d7d0e3,Stephanie Lee DDS,christopherwilliams@example.net,1,6.09,1,1,8,6.75,2025-07-25,2,0,1.46,49,41.5
67388abb-bc1f-4eea-a546-093958fdfb66,Evan Peterson,jacqueline30@example.org,4,13.78,2,0,3,61.2,2025-08-01,2,0,11.9,11,78.0
1768866e-d6d5-474d-beb1-4855332f0966,Tanya Lamb,spencebrent@example.com,2,11.41,0,1,12,21.86,2025-07-28,1,1,5.34,25,81.5
7f8bf49d-e881-44aa-b427-2ce6b0b81212,Rachel Webb,vgilbert@example.net,4,71.88,1,3,3,22.19,2025-07-31,1,0,5.01,27,22.3
6860b19b-53c6-44cc-b928-0dd240973b22,Paula Scott,dawnsullivan@example.com,2,49.76,0,3,9,24.87,2025-07-07,1,0,4.18,73,47.4
49598995-815f-4311-8e73-7895db1ce6b3,Laura Tucker,millerjason@example.net,3,38.58,0,3,6,77.58,2025-05-22,2,0,6.29,25,21.7
eb549894-8631-460e-9cfc-88f63bf0c57d,Danny Mason,kimberlystanley@example.com,0,76.86,0,3,16,18.42,2025-07-23,1,0,5.41,60,75.3
13da3a23-6b58-489b-a598-ace901971ede,Mark Villanueva,william44@example.com,1,14.5,0,5,38,16.45,2025-07-15,1,0,0.94,16,81.2
43c9e2f4-de4e-4031-a14b-e8ff361e9196,Lisa Simpson,amandabruce@example.net,2,8.1,1,5,37,43.27,2025-07-16,1,0,6.17,31,61.9
1395b28b-fc93-45f2-a0d7-401b9f018038,Barbara Williams,esparzasara@example.net,2,3.6,2,0,4,20.77,2025-07-30,1,0,1.14,6,50.9
a9763a80-0f51-4f5a-ba6e-d36e5a43aa98,Heidi Caldwell,aprilcarlson@example.net,1,9.46,0,4,11,38.84,2025-07-08,1,0,3.21,37,27.2
560c0233-1690-40dc-b77e-9f6b0aa915fc,Ian Townsend,gibsondiana@example.net,3,4.9,0,2,3,49.9,2025-07-29,4,1,7.14,78,17.2
475d0cf4-2a5b-418c-a460-b4961b05c652,Paul Hoover,sjohnson@example.com,3,3.02,0,4,12,23.84,2025-07-07,1,0,8.23,16,64.8
96056bbc-2651-4f06-aecc-b6658aa96a14,William Brown,deborah48@example.net,1,24.38,1,5,20,52.35,2025-07-28,4,0,1.48,31,42.5
9c13933e-6bdd-4d0a-a587-7f84afd7ba6a,Jonathan Calderon,james05@example.org,2,13.04,2,2,12,86.64,2025-05-28,3,0,2.87,23,67.9
662a7668-47c6-4a0e-90e5-a7c784ada6bf,Justin Richardson,henrynathan@example.com,1,21.95,0,3,13,76.15,2025-06-22,3,0,3.75,0,82.7
c1ff0b33-357f-428b-a84d-99a8501ed39b,Barbara Baker,rebeccadavila@example.net,4,7.14,1,2,12,78.35,2025-07-05,3,0,1.13,71,86.6
d99d60b8-a58f-4260-aa56-ac2451360f8b,Erica Raymond,hallpatrick@example.org,2,32.54,1,4,27,30.06,2025-06-29,3,1,2.42,49,84.8
b9d8b56f-b674-415e-aa91-7e47182ab4ae,James Rodriguez,gallaghertony@example.net,4,8.16,2,2,9,55.29,2025-07-27,8,2,2.1,16,43.6
60ca4254-eda4-436e-9c68-233980c1bc10,Tracey Nguyen,nicholeflynn@example.com,1,8.6,0,1,8,42.62,2025-06-25,2,0,10.97,2,41.2
08fbfa15-63c6-4900-99ed-076b86ef6dd4,Deborah Gonzales,leslie96@example.net,2,38.99,0,1,9,36.79,2025-07-30,1,0,0.64,12,59.4
53a53617-c3f4-4b6d-9f03-0b1d7efc6e38,Danielle Vaughn,matthew72@example.org,2,23.63,1,4,17,123.04,2025-05-19,3,0,4.54,22,72.4
6118ae63-a19f-4fd8-a503-2c72a7aa4abc,Susan Hill,danielmary@example.net,2,11.74,0,4,38,5.0,2025-06-29,1,0,1.76,8,91.5
0fa93063-292a-4091-9640-c98e2ecfe83a,Catherine Smith,miguelwilliams@example.org,2,22.55,0,4,39,30.88,2025-04-25,1,0,2.46,53,84.2
8262b13b-7c83-47d5-aa02-ebecb7b63a2d,Morgan Woods,ginaross@example.org,0,28.42,0,5,20,33.92,2025-07-21,5,0,7.27,10,84.7
87f1f092-0e4f-436d-877d-20e24c6271e7,Zachary Thomas,williamvaldez@example.com,1,64.2,0,4,48,23.92,2025-04-28,1,0,3.48,6,24.7
0ed9e06f-d00e-4470-9402-8ed274b59094,Stephanie Walker,ruizjoshua@example.net,3,27.12,1,0,1,13.09,2025-07-22,1,1,2.19,5,20.1
13053401-a428-4785-a31f-4bacab072981,Julie Lam,bwalker@example.net,3,8.26,1,5,13,26.87,2025-08-01,1,0,4.61,38,76.2
0397a7a0-92f9-4a93-812c-3aea443b1a5f,Patricia Roberts,dfoster@example.net,0,32.96,0,3,32,29.72,2025-07-29,2,0,1.47,23,29.6
485583a6-910c-4a24-8f03-6b027988a2c2,Vicki Flores,shancock@example.org,3,46.93,3,3,8,14.68,2025-07-15,1,0,1.78,35,67.6
e5850e24-2f57-475e-83c7-1c88c57dc662,Michael Brown,scott01@example.org,3,6.98,0,3,12,10.41,2025-07-29,1,0,2.88,10,52.8
127da2d6-80ca-43e6-9827-0acf99e4cb6a,Christopher Perry,michael38@example.net,2,49.48,1,1,6,10.02,2025-07-05,1,0,4.38,15,30.4
7176062e-53d6-44fc-80a3-6cc15447fe3f,Lawrence Crawford,lblair@example.net,2,18.01,0,4,6,30.59,2025-07-10,3,0,2.9,67,49.5
5eed9a82-8e9e-45cc-a278-c0de87278fb2,Anthony Warren,elizabeth02@example.org,3,47.21,1,2,12,20.37,2025-07-25,1,0,1.21,12,18.0
8a1002a8-4529-411f-9514-ef1c48a36918,Tammy Franco,rharris@example.com,1,7.16,0,0,1,75.42,2025-07-22,1,0,1.39,69,46.4
f7e261d0-7ee1-48b8-adfd-33bf84dad59e,Sean Mcdonald,afowler@example.com,0,9.7,0,3,11,21.92,2025-07-16,1,0,4.42,101,96.1
85b59cd8-3007-471b-937c-82163a20266c,Brandon Ramos,josephmcconnell@example.net,2,88.49,1,4,19,25.54,2025-07-23,1,0,1.48,0,79.9
7271707f-8f6e-4e80-aa52-a31d74e67c5f,Diana Lee,emily53@example.org,1,28.31,1,0,3,32.39,2025-07-20,1,0,4.76,20,17.7
cac08958-6115-490a-90b1-54ed278a22eb,Andrea Ayers,hansentiffany@example.org,1,39.13,0,2,26,49.63,2025-07-22,1,0,6.53,29,26.4
02ea2076-0f6d-44b7-aa7c-b927bfb68151,Rick Rodriguez,zrobertson@example.net,2,33.58,0,0,5,18.77,2025-07-12,1,0,1.31,0,73.7
c72470d7-a2c0-4ab8-b1ca-b1c05aac3e48,Pamela Graham,mbrown@example.org,0,5.48,0,3,14,66.77,2025-07-15,4,1,1.15,12,55.7
cab237e3-c461-4d9b-b129-5c5bcb7b3ecf,Johnny Lee,jeremy67@example.org,2,18.32,0,1,11,63.85,2025-07-19,3,1,2.11,0,72.0
43b6a91b-8672-4594-9680-b439bfb38c6c,David Johnson,gjones@example.com,2,47.67,0,4,18,11.55,2025-06-25,2,0,6.75,28,20.2
ff39faf1-86d6-4a51-8dc2-1c8f7701d461,Angel Ho,gonzalezchristopher@example.org,0,26.98,0,1,3,11.5,2025-07-11,3,0,7.39,18,59.8
26769f03-74ad-45f8-9ff2-b38af576565b,Matthew Payne,gregory11@example.com,1,1.0,0,1,9,23.5,2025-07-20,1,0,3.12,9,71.6
c1c7d993-60be-4242-a292-746760449e4c,Todd Cross,bhickman@example.com,0,2.2,0,4,14,91.57,2025-06-25,4,0,3.57,45,39.0
ee79dae0-9403-45e7-94bd-919b910490ba,Jessica Carter,perryclifford@example.com,1,11.24,1,4,13,52.42,2025-07-01,5,0,6.12,23,53.0
7ab2d2b4-768c-4f60-a781-076580df83bf,Brian Lambert,ubennett@example.com,7,117.87,2,3,9,119.87,2025-07-31,5,0,1.69,12,54.4
